{"episode/episode_length_mean":100,"episode/agent_0_reward_mean":1.9111249999999997,"episode/collective_reward_mean":5.7379999999999995,"_step":299,"_timestamp":1.7712444285280514e+09,"episode/x_axis":30000,"step/x_axis":3e+06,"episode/agent_2_reward_mean":1.9714749999999999,"episode/agent_1_reward_mean":1.8554,"step/collective_reward_mean":5.7379999999999995,"_wandb":{"runtime":8428},"_runtime":8428}